<?xml version="1.0"?>
<skinlf-themepack require="1.1">
	<property name="JDesktopPane.backgroundEnabled" value="true" />
	<property name="PopupMenu.animation" value="false" />

	<font name="Global" value="Verdana,1,10"/>

	<icon name="Tree.openIcon" value="icons/TreeOpen.gif"/>
	<icon name="Tree.closedIcon" value="icons/TreeClosed.gif"/>
	<icon name="Tree.leafIcon" value="icons/Default.gif"/>



	<skin>
		<skin url="gtk/gtkrc"></skin>
		<skin url="kde/kde.themerc"></skin>
	</skin>
</skinlf-themepack>
